title,id,release_date,overview,genres,poster_url,backdrop_url,local_poster_path,local_banner_path
The Big Short,318846,2015-12-11,The men who made millions from a global economic meltdown.,"Comedy, Drama",https://image.tmdb.org/t/p/w500/scVEaJEwP8zUix8vgmMoJJ9Nq0w.jpg,https://image.tmdb.org/t/p/w500/i7UCf0ysjbYYaqcSKUox9BJz4Kp.jpg,movie_images\posters\318846_The_Big_Short_poster.jpg,movie_images\banners\318846_The_Big_Short_banner.jpg
Coming to America,9602,1988-06-29,"An African prince decides it’s time for him to find a princess... and his mission leads him and his most loyal friend to Queens, New York. In disguise as an impoverished immigrant, the pampered prince quickly finds himself a new job, new friends, new digs, new enemies and lots of trouble.","Comedy, Romance",https://image.tmdb.org/t/p/w500/djRAvxyvvN2yqlJKDbT3uy4vOBw.jpg,https://image.tmdb.org/t/p/w500/hP4PMoQfaofHbLDPIAXrirR7wSF.jpg,movie_images\posters\9602_Coming_to_America_poster.jpg,movie_images\banners\9602_Coming_to_America_banner.jpg
Glass Onion: A Knives Out Mystery,661374,2022-11-23,World-famous detective Benoit Blanc heads to Greece to peel back the layers of a mystery surrounding a tech billionaire and his eclectic crew of friends.,"Comedy, Crime, Mystery",https://image.tmdb.org/t/p/w500/vDGr1YdrlfbU9wxTOdpf3zChmv9.jpg,https://image.tmdb.org/t/p/w500/dKqa850uvbNSCaQCV4Im1XlzEtQ.jpg,movie_images\posters\661374_Glass_Onion:_A_Knives_Out_Mystery_poster.jpg,movie_images\banners\661374_Glass_Onion:_A_Knives_Out_Mystery_banner.jpg
Tombstone,11969,1993-12-25,"Legendary marshal Wyatt Earp, now a weary gunfighter, joins his brothers Morgan and Virgil to pursue their collective fortune in the thriving mining town of Tombstone. But Earp is forced to don a badge again and get help from his notorious pal Doc Holliday when a gang of renegade brigands and rustlers begins terrorizing the town.","Western, Action",https://image.tmdb.org/t/p/w500/f6Lb4bpUW2AJW42Hpnix2533RKU.jpg,https://image.tmdb.org/t/p/w500/vHPCpnpOVnbH1Shpq8TQKwo6zJB.jpg,movie_images\posters\11969_Tombstone_poster.jpg,movie_images\banners\11969_Tombstone_banner.jpg
Aquaman,297802,2018-12-07,"Half-human, half-Atlantean Arthur Curry is taken on the journey of his lifetime to discover if he is worth of being a king.","Action, Adventure, Fantasy",https://image.tmdb.org/t/p/w500/ufl63EFcc5XpByEV2Ecdw6WJZAI.jpg,https://image.tmdb.org/t/p/w500/skauHPLA4so9PqOuu3jhWmiWnFd.jpg,movie_images\posters\297802_Aquaman_poster.jpg,movie_images\banners\297802_Aquaman_banner.jpg
Barbie in the 12 Dancing Princesses,13002,2006-09-19,"King Randolph sends for his cousin, Duchess Rowena, to help turn his daughters, Princess Genevieve and her eleven sisters, into royal material. But the Duchess strips the sisters of their fun, including their favorite pastime: dancing. When all hope may be lost, the sisters discover a secret passageway to a magical land where they can dance the night away.","Animation, Family",https://image.tmdb.org/t/p/w500/yBB7PwXRFJ29U8m8SnTcWVizFvM.jpg,https://image.tmdb.org/t/p/w500/v5xXTpfMT5NpjQeDMNYNLflaiuA.jpg,movie_images\posters\13002_Barbie_in_the_12_Dancing_Princesses_poster.jpg,movie_images\banners\13002_Barbie_in_the_12_Dancing_Princesses_banner.jpg
In the Mood for Love,843,2000-09-29,"In 1962 Hong Kong, two neighbors form a strong bond after both suspect extramarital activities of their spouses.","Drama, Romance",https://image.tmdb.org/t/p/w500/iYypPT4bhqXfq1b6EnmxvRt6b2Y.jpg,https://image.tmdb.org/t/p/w500/gx3Iat10dc39XbDwbmdfKPsow3U.jpg,movie_images\posters\843_In_the_Mood_for_Love_poster.jpg,movie_images\banners\843_In_the_Mood_for_Love_banner.jpg
Hocus Pocus 2,642885,2022-09-27,"29 years since the Black Flame Candle was last lit, the 17th-century Sanderson sisters are resurrected, and they are looking for revenge. Now it's up to three high school students to stop the ravenous witches from wreaking a new kind of havoc on Salem before dawn on All Hallow's Eve.","Fantasy, Comedy, Family",https://image.tmdb.org/t/p/w500/7ze7YNmUaX81ufctGqt0AgHxRtL.jpg,https://image.tmdb.org/t/p/w500/ml8YBTJq7UkALfI022FWscCQuQW.jpg,movie_images\posters\642885_Hocus_Pocus_2_poster.jpg,movie_images\banners\642885_Hocus_Pocus_2_banner.jpg
Hitman's Wife's Bodyguard,522931,2021-06-14,"The world’s most lethal odd couple – bodyguard Michael Bryce and hitman Darius Kincaid – are back on another life-threatening mission. Still unlicensed and under scrutiny, Bryce is forced into action by Darius's even more volatile wife, the infamous international con artist Sonia Kincaid. As Bryce is driven over the edge by his two most dangerous protectees, the trio get in over their heads in a global plot and soon find that they are all that stand between Europe and a vengeful and powerful madman.","Action, Comedy, Crime, Thriller",https://image.tmdb.org/t/p/w500/6zwGWDpY8Zu0L6W4SYWERBR8Msw.jpg,https://image.tmdb.org/t/p/w500/bjIPzixuWnOzxDG25WaXKuy9lYZ.jpg,movie_images\posters\522931_Hitman's_Wife's_Bodyguard_poster.jpg,movie_images\banners\522931_Hitman's_Wife's_Bodyguard_banner.jpg
Platoon,792,1986-12-19,"As a young and naive recruit in Vietnam, Chris Taylor faces a moral crisis when confronted with the horrors of war and the duality of man.","Drama, War, Action",https://image.tmdb.org/t/p/w500/m3mmFkPQKvPZq5exmh0bDuXlD9T.jpg,https://image.tmdb.org/t/p/w500/wjt1dwtabVm9vujAteDTnXnpHfZ.jpg,movie_images\posters\792_Platoon_poster.jpg,movie_images\banners\792_Platoon_banner.jpg
Scott Pilgrim vs. the World,22538,2010-08-12,"As bass guitarist for a garage-rock band, Scott Pilgrim has never had trouble getting a girlfriend; usually, the problem is getting rid of them. But when Ramona Flowers skates into his heart, he finds she has the most troublesome baggage of all: an army of ex-boyfriends who will stop at nothing to eliminate him from her list of suitors.","Action, Comedy, Romance",https://image.tmdb.org/t/p/w500/g5IoYeudx9XBEfwNL0fHvSckLBz.jpg,https://image.tmdb.org/t/p/w500/7W9xm2YTq54rfLFimIniMrywShv.jpg,movie_images\posters\22538_Scott_Pilgrim_vs._the_World_poster.jpg,movie_images\banners\22538_Scott_Pilgrim_vs._the_World_banner.jpg
Castle in the Sky,10515,1986-08-02,A young boy and a girl with a magic crystal must race against pirates and foreign agents in a search for a legendary floating castle.,"Adventure, Fantasy, Animation, Action, Family",https://image.tmdb.org/t/p/w500/41XxSsJc5OrulP0m7TrrUeO2hoz.jpg,https://image.tmdb.org/t/p/w500/z6OZ2Q4FYELeGoBj9tVDWCvevkj.jpg,movie_images\posters\10515_Castle_in_the_Sky_poster.jpg,movie_images\banners\10515_Castle_in_the_Sky_banner.jpg
The Longest Yard,9291,2005-05-27,"Disgraced pro football quarterback Paul Crewe lands in a Texas federal penitentiary, where manipulative Warden Hazen recruits him to advise the institution's football team of prison guards. Crewe suggests a tune-up game which lands him quarterbacking a crew of inmates in a game against the guards. Aided by incarcerated ex-NFL coach and player Nate Scarborough, Crewe and his team must overcome not only the bloodthirstiness of the opposition, but also the corrupt warden trying to fix the game against them.","Drama, Comedy",https://image.tmdb.org/t/p/w500/nbKcVBcxF96ARW2oKHqDYAcLdu.jpg,https://image.tmdb.org/t/p/w500/9GeuSS66C0xcX1En4uKYgxWCGrS.jpg,movie_images\posters\9291_The_Longest_Yard_poster.jpg,movie_images\banners\9291_The_Longest_Yard_banner.jpg
Sinister,82507,2012-03-29,"True-crime writer Ellison Oswald is in a slump; he hasn't had a best seller in more than 10 years and is becoming increasingly desperate for a hit. So, when he discovers the existence of a snuff film showing the deaths of a family, he vows to solve the mystery. He moves his own family into the victims' home and gets to work. However, when old film footage and other clues hint at the presence of a supernatural force, Ellison learns that living in the house may be fatal.","Horror, Thriller, Mystery",https://image.tmdb.org/t/p/w500/nzx10sca3arCeYBAomHan4Q6wa1.jpg,https://image.tmdb.org/t/p/w500/4iUlPnxxoXXBqXluyXU0FnQi8Av.jpg,movie_images\posters\82507_Sinister_poster.jpg,movie_images\banners\82507_Sinister_banner.jpg
Cocaine Bear,804150,2023-02-22,"Inspired by a true story, an oddball group of cops, criminals, tourists and teens converge in a Georgia forest where a 500-pound black bear goes on a murderous rampage after unintentionally ingesting cocaine.","Thriller, Comedy, Crime",https://image.tmdb.org/t/p/w500/gOnmaxHo0412UVr1QM5Nekv1xPi.jpg,https://image.tmdb.org/t/p/w500/qUOJGvH8L31HL2b9Q6DGNPGCCI0.jpg,movie_images\posters\804150_Cocaine_Bear_poster.jpg,movie_images\banners\804150_Cocaine_Bear_banner.jpg
The Day After Tomorrow,435,2004-05-26,"After paleoclimatologist Jack Hall is largely ignored by UN officials when presenting his environmental concerns about the beginning of a new Ice Age, his research proves true when a superstorm develops, setting off catastrophic natural disasters throughout the world. Trying to get to his son, Sam, who is trapped in New York City with his friend Laura and others, Jack and his crew must travel to get to Sam before it's too late.","Action, Adventure, Science Fiction, Thriller",https://image.tmdb.org/t/p/w500/Wr4HeYQRvwVCxzOV5TmGE7UkXq.jpg,https://image.tmdb.org/t/p/w500/smqQ71MIn1DSdSiQzCzCOV6rgRq.jpg,movie_images\posters\435_The_Day_After_Tomorrow_poster.jpg,movie_images\banners\435_The_Day_After_Tomorrow_banner.jpg
The Bourne Supremacy,2502,2004-07-23,"A CIA operation to purchase classified Russian documents is blown by a rival agent, who then shows up in the sleepy seaside village where Bourne and Marie have been living. The pair run for their lives and Bourne, who promised retaliation should anyone from his former life attempt contact, is forced to once again take up his life as a trained assassin to survive.","Action, Drama, Thriller",https://image.tmdb.org/t/p/w500/g09UIYfShY8uWGMGP3HkvWp8L8n.jpg,https://image.tmdb.org/t/p/w500/unmI2cUB0RvlpXj7AfSgphzDsUt.jpg,movie_images\posters\2502_The_Bourne_Supremacy_poster.jpg,movie_images\banners\2502_The_Bourne_Supremacy_banner.jpg
Sherlock Holmes: A Game of Shadows,58574,2011-11-22,"There is a new criminal mastermind at large (Professor Moriarty) and not only is he Holmes’ intellectual equal, but his capacity for evil and lack of conscience may give him an advantage over the  detective.","Adventure, Action, Crime, Mystery",https://image.tmdb.org/t/p/w500/y1MYZkwhZK6L0Jy4YMuPktzDOfn.jpg,https://image.tmdb.org/t/p/w500/nVMalJRUsOeGP5xPx9ULmirZ4cJ.jpg,movie_images\posters\58574_Sherlock_Holmes:_A_Game_of_Shadows_poster.jpg,movie_images\banners\58574_Sherlock_Holmes:_A_Game_of_Shadows_banner.jpg
Love Actually,508,2003-09-07,Eight London couples try to deal with their relationships in different ways. Their tryst with love makes them discover how complicated relationships can be.,"Comedy, Romance, Drama",https://image.tmdb.org/t/p/w500/7QPeVsr9rcFU9Gl90yg0gTOTpVv.jpg,https://image.tmdb.org/t/p/w500/xUWf5xX0AnZgAnYXAMk03zTbsef.jpg,movie_images\posters\508_Love_Actually_poster.jpg,movie_images\banners\508_Love_Actually_banner.jpg
Memory,818397,2022-04-28,"Alex, an assassin-for-hire, finds that he's become a target after he refuses to complete a job for a dangerous criminal organization. With the crime syndicate and FBI in hot pursuit, Alex has the skills to stay ahead, except for one thing: he is struggling with severe memory loss, affecting his every move. Alex must question his every action and whom he can ultimately trust.","Action, Thriller, Crime",https://image.tmdb.org/t/p/w500/4Q1n3TwieoULnuaztu9aFjqHDTI.jpg,https://image.tmdb.org/t/p/w500/9zXPnbVpaDfTniLBuc5vgXGfzAP.jpg,movie_images\posters\818397_Memory_poster.jpg,movie_images\banners\818397_Memory_banner.jpg
Gladiator II,558449,2024-11-05,"Years after witnessing the death of the revered hero Maximus at the hands of his uncle, Lucius is forced to enter the Colosseum after his home is conquered by the tyrannical Emperors who now lead Rome with an iron fist. With rage in his heart and the future of the Empire at stake, Lucius must look to his past to find strength and honor to return the glory of Rome to its people.","Action, Adventure, Drama",https://image.tmdb.org/t/p/w500/2cxhvwyEwRlysAmRH4iodkvo0z5.jpg,https://image.tmdb.org/t/p/w500/euYIwmwkmz95mnXvufEmbL6ovhZ.jpg,movie_images\posters\558449_Gladiator_II_poster.jpg,movie_images\banners\558449_Gladiator_II_banner.jpg
Wicked,402431,2024-11-20,"In the land of Oz, ostracized and misunderstood green-skinned Elphaba is forced to share a room with the popular aristocrat Glinda at Shiz University, and the two's unlikely friendship is tested as they begin to fulfill their respective destinies as Glinda the Good and the Wicked Witch of the West.","Drama, Romance, Fantasy",https://image.tmdb.org/t/p/w500/xDGbZ0JJ3mYaGKy4Nzd9Kph6M9L.jpg,https://image.tmdb.org/t/p/w500/uKb22E0nlzr914bA9KyA5CVCOlV.jpg,movie_images\posters\402431_Wicked_poster.jpg,movie_images\banners\402431_Wicked_banner.jpg
Sonic the Hedgehog 3,939243,2024-12-19,"Sonic, Knuckles, and Tails reunite against a powerful new adversary, Shadow, a mysterious villain with powers unlike anything they have faced before. With their abilities outmatched in every way, Team Sonic must seek out an unlikely alliance in hopes of stopping Shadow and protecting the planet.","Action, Science Fiction, Comedy, Family",https://image.tmdb.org/t/p/w500/d8Ryb8AunYAuycVKDp5HpdWPKgC.jpg,https://image.tmdb.org/t/p/w500/zOpe0eHsq0A2NvNyBbtT6sj53qV.jpg,movie_images\posters\939243_Sonic_the_Hedgehog_3_poster.jpg,movie_images\banners\939243_Sonic_the_Hedgehog_3_banner.jpg
Moana 2,1241982,2024-11-21,"After receiving an unexpected call from her wayfinding ancestors, Moana journeys alongside Maui and a new crew to the far seas of Oceania and into dangerous, long-lost waters for an adventure unlike anything she's ever faced.","Animation, Adventure, Family, Comedy, Mystery",https://image.tmdb.org/t/p/w500/aLVkiINlIeCkcZIzb7XHzPYgO6L.jpg,https://image.tmdb.org/t/p/w500/zo8CIjJ2nfNOevqNajwMRO6Hwka.jpg,movie_images\posters\1241982_Moana_2_poster.jpg,movie_images\banners\1241982_Moana_2_banner.jpg
Carry-On,1005331,2024-12-05,An airport security officer races to outsmart a mysterious traveler forcing him to let a dangerous item slip onto a Christmas Eve flight.,"Thriller, Action",https://image.tmdb.org/t/p/w500/sjMN7DRi4sGiledsmllEw5HJjPy.jpg,https://image.tmdb.org/t/p/w500/6RcBQkC2PZJwwbFugqzgvN3moYL.jpg,movie_images\posters\1005331_Carry-On_poster.jpg,movie_images\banners\1005331_Carry-On_banner.jpg
Flow,823219,2024-08-29,"A solitary cat, displaced by a great flood, finds refuge on a boat with various species and must navigate the challenges of adapting to a transformed world together.","Animation, Fantasy, Adventure",https://image.tmdb.org/t/p/w500/imKSymKBK7o73sajciEmndJoVkR.jpg,https://image.tmdb.org/t/p/w500/b3mdmjYTEL70j7nuXATUAD9qgu4.jpg,movie_images\posters\823219_Flow_poster.jpg,movie_images\banners\823219_Flow_banner.jpg
Despicable Me 4,519182,2024-06-20,"Gru and Lucy and their girls—Margo, Edith and Agnes—welcome a new member to the Gru family, Gru Jr., who is intent on tormenting his dad. Gru also faces a new nemesis in Maxime Le Mal and his femme fatale girlfriend Valentina, forcing the family to go on the run.","Animation, Family, Comedy, Science Fiction",https://image.tmdb.org/t/p/w500/wWba3TaojhK7NdycRhoQpsG0FaH.jpg,https://image.tmdb.org/t/p/w500/lgkPzcOSnTvjeMnuFzozRO5HHw1.jpg,movie_images\posters\519182_Despicable_Me_4_poster.jpg,movie_images\banners\519182_Despicable_Me_4_banner.jpg
Inside Out 2,1022789,2024-06-11,"Teenager Riley's mind headquarters is undergoing a sudden demolition to make room for something entirely unexpected: new Emotions! Joy, Sadness, Anger, Fear and Disgust, who’ve long been running a successful operation by all accounts, aren’t sure how to feel when Anxiety shows up. And it looks like she’s not alone.","Animation, Adventure, Comedy, Family",https://image.tmdb.org/t/p/w500/vpnVM9B6NMmQpWeZvzLvDESb2QY.jpg,https://image.tmdb.org/t/p/w500/p5ozvmdgsmbWe0H8Xk7Rc8SCwAB.jpg,movie_images\posters\1022789_Inside_Out_2_poster.jpg,movie_images\banners\1022789_Inside_Out_2_banner.jpg
Deadpool & Wolverine,533535,2024-07-24,"A listless Wade Wilson toils away in civilian life with his days as the morally flexible mercenary, Deadpool, behind him. But when his homeworld faces an existential threat, Wade must reluctantly suit-up again with an even more reluctant Wolverine.","Action, Comedy, Science Fiction",https://image.tmdb.org/t/p/w500/8cdWjvZQUExUUTzyp4t6EDMubfO.jpg,https://image.tmdb.org/t/p/w500/by8z9Fe8y7p4jo2YlW2SZDnptyT.jpg,movie_images\posters\533535_Deadpool_&_Wolverine_poster.jpg,movie_images\banners\533535_Deadpool_&_Wolverine_banner.jpg
Alien: Romulus,945961,2024-08-13,"While scavenging the deep ends of a derelict space station, a group of young space colonizers come face to face with the most terrifying life form in the universe.","Horror, Science Fiction",https://image.tmdb.org/t/p/w500/b33nnKl1GSFbao4l3fZDDqsMx0F.jpg,https://image.tmdb.org/t/p/w500/eP4RZSHliWu6lPT5WQyHr5ZZKuC.jpg,movie_images\posters\945961_Alien:_Romulus_poster.jpg,movie_images\banners\945961_Alien:_Romulus_banner.jpg
Red One,845781,2024-10-31,"After Santa Claus (codename: Red One) is kidnapped, the North Pole's Head of Security must team up with the world's most infamous tracker in a globe-trotting, action-packed mission to save Christmas.","Action, Fantasy, Comedy, Adventure",https://image.tmdb.org/t/p/w500/cdqLnri3NEGcmfnqwk2TSIYtddg.jpg,https://image.tmdb.org/t/p/w500/rOmUuQEZfPXglwFs5ELLLUDKodL.jpg,movie_images\posters\845781_Red_One_poster.jpg,movie_images\banners\845781_Red_One_banner.jpg
Nosferatu,426063,2024-12-25,"A gothic tale of obsession between a haunted young woman and the terrifying vampire infatuated with her, causing untold horror in its wake.","Horror, Fantasy",https://image.tmdb.org/t/p/w500/5qGIxdEO841C0tdY8vOdLoRVrr0.jpg,https://image.tmdb.org/t/p/w500/h7r6LZ32dgLwtwSW3CxoWIYD9pr.jpg,movie_images\posters\426063_Nosferatu_poster.jpg,movie_images\banners\426063_Nosferatu_banner.jpg
Kraven the Hunter,539972,2024-12-11,"Kraven Kravinoff's complex relationship with his ruthless gangster father, Nikolai, starts him down a path of vengeance with brutal consequences, motivating him to become not only the greatest hunter in the world, but also one of its most feared.","Action, Science Fiction, Adventure, Fantasy, Thriller",https://image.tmdb.org/t/p/w500/nrlfJoxP1EkBVE9pU62L287Jl4D.jpg,https://image.tmdb.org/t/p/w500/v9Du2HC3hlknAvGlWhquRbeifwW.jpg,movie_images\posters\539972_Kraven_the_Hunter_poster.jpg,movie_images\banners\539972_Kraven_the_Hunter_banner.jpg
Venom: The Last Dance,912649,2024-10-22,"Eddie and Venom are on the run. Hunted by both of their worlds and with the net closing in, the duo are forced into a devastating decision that will bring the curtains down on Venom and Eddie's last dance.","Action, Science Fiction, Adventure",https://image.tmdb.org/t/p/w500/aosm8NMQ3UyoBVpSxyimorCQykC.jpg,https://image.tmdb.org/t/p/w500/vZG7PrX9HmdgL5qfZRjhJsFYEIA.jpg,movie_images\posters\912649_Venom:_The_Last_Dance_poster.jpg,movie_images\banners\912649_Venom:_The_Last_Dance_banner.jpg
Heretic,1138194,2024-10-31,"Two young missionaries are forced to prove their faith when they knock on the wrong door and are greeted by a diabolical Mr. Reed, becoming ensnared in his deadly game of cat-and-mouse.","Horror, Thriller",https://image.tmdb.org/t/p/w500/5HJqjCTcaE1TFwnNh3Dn21be2es.jpg,https://image.tmdb.org/t/p/w500/ag66gJCiZ06q1GSJuQlhGLi3Udx.jpg,movie_images\posters\1138194_Heretic_poster.jpg,movie_images\banners\1138194_Heretic_banner.jpg
The Substance,933260,2024-09-07,"A fading celebrity decides to use a black market drug, a cell-replicating substance that temporarily creates a younger, better version of herself.","Horror, Science Fiction",https://image.tmdb.org/t/p/w500/lqoMzCcZYEFK729d6qzt349fB4o.jpg,https://image.tmdb.org/t/p/w500/8dqZsevb5E8x29OFyr1neSp7bc9.jpg,movie_images\posters\933260_The_Substance_poster.jpg,movie_images\banners\933260_The_Substance_banner.jpg
My Fault,1010581,2023-06-08,"Noah must leave her city, boyfriend, and friends to move into William Leister's mansion, the flashy and wealthy husband of her mother Rafaela. As a proud and independent 17 year old, Noah resists living in a mansion surrounded by luxury. However, it is there where she meets Nick, her new stepbrother, and the clash of their strong personalities becomes evident from the very beginning.","Romance, Drama",https://image.tmdb.org/t/p/w500/w46Vw536HwNnEzOa7J24YH9DPRS.jpg,https://image.tmdb.org/t/p/w500/lntyt4OVDbcxA1l7LtwITbrD3FI.jpg,movie_images\posters\1010581_My_Fault_poster.jpg,movie_images\banners\1010581_My_Fault_banner.jpg
Smile 2,1100782,2024-10-16,"About to embark on a new world tour, global pop sensation Skye Riley begins experiencing increasingly terrifying and inexplicable events. Overwhelmed by the escalating horrors and the pressures of fame, Skye is forced to face her dark past to regain control of her life before it spirals out of control.","Horror, Mystery",https://image.tmdb.org/t/p/w500/ht8Uv9QPv9y7K0RvUyJIaXOZTfd.jpg,https://image.tmdb.org/t/p/w500/iR79ciqhtaZ9BE7YFA1HpCHQgX4.jpg,movie_images\posters\1100782_Smile_2_poster.jpg,movie_images\banners\1100782_Smile_2_banner.jpg
Raiders of the Lost Ark,85,1981-06-12,"When Dr. Indiana Jones – the tweed-suited professor who just happens to be a celebrated archaeologist – is hired by the government to locate the legendary Ark of the Covenant, he finds himself up against the entire Nazi regime.","Adventure, Action",https://image.tmdb.org/t/p/w500/ceG9VzoRAVGwivFU403Wc3AHRys.jpg,https://image.tmdb.org/t/p/w500/ueDw7djPgKPZfph0vC43aD2EMyF.jpg,movie_images\posters\85_Raiders_of_the_Lost_Ark_poster.jpg,movie_images\banners\85_Raiders_of_the_Lost_Ark_banner.jpg
The Wild Robot,1184918,2024-09-12,"After a shipwreck, an intelligent robot called Roz is stranded on an uninhabited island. To survive the harsh environment, Roz bonds with the island's animals and cares for an orphaned baby goose.","Animation, Action, Science Fiction, Family",https://image.tmdb.org/t/p/w500/9w0Vh9eizfBXrcomiaFWTIPdboo.jpg,https://image.tmdb.org/t/p/w500/1pmXyN3sKeYoUhu5VBZiDU4BX21.jpg,movie_images\posters\1184918_The_Wild_Robot_poster.jpg,movie_images\banners\1184918_The_Wild_Robot_banner.jpg
Dances with Wolves,581,1990-03-30,"Wounded Civil War soldier John Dunbar tries to commit suicide—and becomes a hero instead. As a reward, he's assigned to his dream post, a remote junction on the Western frontier, and soon makes unlikely friends with the local Sioux tribe.","Adventure, Drama, Western",https://image.tmdb.org/t/p/w500/hw0ZEHAaTqTxSXGVwUFX7uvanSA.jpg,https://image.tmdb.org/t/p/w500/ywWva4trKw7f3wtbz81Fe3FnrtC.jpg,movie_images\posters\581_Dances_with_Wolves_poster.jpg,movie_images\banners\581_Dances_with_Wolves_banner.jpg
Jojo Rabbit,515001,2019-10-18,"A World War II satire that follows a lonely German boy whose world view is turned upside down when he discovers his single mother is hiding a young Jewish girl in their attic. Aided only by his idiotic imaginary friend, Adolf Hitler, Jojo must confront his blind nationalism.","Comedy, War, Drama",https://image.tmdb.org/t/p/w500/7GsM4mtM0worCtIVeiQt28HieeN.jpg,https://image.tmdb.org/t/p/w500/oT2DbUVEUc1AIgBBJwVl3hm0ID6.jpg,movie_images\posters\515001_Jojo_Rabbit_poster.jpg,movie_images\banners\515001_Jojo_Rabbit_banner.jpg
Dragon Ball Z: Battle of Gods,126963,2013-03-30,"The events of Battle of Gods take place some years after the battle with Majin Buu, which determined the fate of the entire universe. After awakening from a long slumber, Beerus, the God of Destruction is visited by Whis, his attendant and learns that the galactic overlord Frieza has been defeated by a Super Saiyan from the North Quadrant of the universe named Goku, who is also a former student of the North Kai. Ecstatic over the new challenge, Goku ignores King Kai's advice and battles Beerus, but he is easily overwhelmed and defeated. Beerus leaves, but his eerie remark of ""Is there nobody on Earth more worthy to destroy?"" lingers on. Now it is up to the heroes to stop the God of Destruction before all is lost.","Animation, Action, Science Fiction",https://image.tmdb.org/t/p/w500/nxZEdYcHMuD8SSuwusDnK9CD2H1.jpg,https://image.tmdb.org/t/p/w500/7fVH3iPculxmygNnm1W3FAQFAo7.jpg,movie_images\posters\126963_Dragon_Ball_Z:_Battle_of_Gods_poster.jpg,movie_images\banners\126963_Dragon_Ball_Z:_Battle_of_Gods_banner.jpg
Blade II,36586,2002-03-22,"A rare mutation has occurred within the vampire community - The Reaper. A vampire so consumed with an insatiable bloodlust that they prey on vampires as well as humans, transforming victims who are unlucky enough to survive into Reapers themselves. Blade is asked by the Vampire Nation for his help in preventing a nightmare plague that would wipe out both humans and vampires.","Fantasy, Horror, Action, Thriller",https://image.tmdb.org/t/p/w500/azzTa03g0Fb8HC7O3521qq0oc8Q.jpg,https://image.tmdb.org/t/p/w500/ftVcl83v6RlH0yiK1Ubkw70VwIf.jpg,movie_images\posters\36586_Blade_II_poster.jpg,movie_images\banners\36586_Blade_II_banner.jpg
Cannibal Holocaust,8689,1980-02-07,A New York University professor returns from a rescue mission to the Amazon rainforest with the footage shot by a lost team of documentarians who were making a film about the area's local cannibal tribes.,Horror,https://image.tmdb.org/t/p/w500/otxZzMh53TsN7yYFqSZ3rwH1yMd.jpg,https://image.tmdb.org/t/p/w500/i7oL4aodmX5aXw8s9dpAYRjHMLF.jpg,movie_images\posters\8689_Cannibal_Holocaust_poster.jpg,movie_images\banners\8689_Cannibal_Holocaust_banner.jpg
Contact,686,1997-07-11,"A radio astronomer receives the first extraterrestrial radio signal ever picked up on Earth. As the world powers scramble to decipher the message and decide upon a course of action, she must make some difficult decisions between her beliefs, the truth, and reality.","Drama, Science Fiction, Mystery",https://image.tmdb.org/t/p/w500/bCpMIywuNZeWt3i5UMLEIc0VSwM.jpg,https://image.tmdb.org/t/p/w500/yFkUPqBuUnbhYbQL8VFpTrAT9za.jpg,movie_images\posters\686_Contact_poster.jpg,movie_images\banners\686_Contact_banner.jpg
Scream 4,41446,2011-04-13,"Ten years have passed, and Sidney Prescott has put herself back together thanks to her writing. However, her return to Woodsboro sparks the return of the Ghostface Killer.","Horror, Mystery",https://image.tmdb.org/t/p/w500/tcrI37K98TVopLbcZBa55mWhLT1.jpg,https://image.tmdb.org/t/p/w500/c5EmNhLQsTTKAyUHULnKYQjlloz.jpg,movie_images\posters\41446_Scream_4_poster.jpg,movie_images\banners\41446_Scream_4_banner.jpg
EuroTrip,9352,2004-02-20,"When Scott learns that his longtime cyber-buddy from Berlin is a gorgeous young woman, he and his friends embark on a trip across Europe.",Comedy,https://image.tmdb.org/t/p/w500/iLdO4PwbZCCQSa9rchZMwuJm9xe.jpg,https://image.tmdb.org/t/p/w500/kCMjZkgBDUD30He50KhoVtgiM2z.jpg,movie_images\posters\9352_EuroTrip_poster.jpg,movie_images\banners\9352_EuroTrip_banner.jpg
Snake Eyes: G.I. Joe Origins,568620,2021-07-22,"After saving the life of their heir apparent, tenacious loner Snake Eyes is welcomed into an ancient Japanese clan called the Arashikage where he is taught the ways of the ninja warrior. But, when secrets from his past are revealed, Snake Eyes' honor and allegiance will be tested – even if that means losing the trust of those closest to him.","Action, Adventure",https://image.tmdb.org/t/p/w500/uIXF0sQGXOxQhbaEaKOi2VYlIL0.jpg,https://image.tmdb.org/t/p/w500/2OFg5p9yarI5zZsUWKCRgBgPctj.jpg,movie_images\posters\568620_Snake_Eyes:_G.I._Joe_Origins_poster.jpg,movie_images\banners\568620_Snake_Eyes:_G.I._Joe_Origins_banner.jpg
Monty Python and the Holy Grail,762,1975-03-14,"King Arthur, accompanied by his squire, recruits his Knights of the Round Table, including Sir Bedevere the Wise, Sir Lancelot the Brave, Sir Robin the Not-Quite-So-Brave-As-Sir-Lancelot and Sir Galahad the Pure. On the way, Arthur battles the Black Knight who, despite having had all his limbs chopped off, insists he can still fight. They reach Camelot, but Arthur decides not  to enter, as ""it is a silly place"".","Adventure, Comedy, Fantasy",https://image.tmdb.org/t/p/w500/hWx1ANiWEWWyzKPN0us35HCGnhQ.jpg,https://image.tmdb.org/t/p/w500/1KgXxv6tHXOnakqYvMPvFwYKWiw.jpg,movie_images\posters\762_Monty_Python_and_the_Holy_Grail_poster.jpg,movie_images\banners\762_Monty_Python_and_the_Holy_Grail_banner.jpg
